"","frequency","fingerprint","firstLocation","firstDate"
"1",117191,"No mutation","Iran",2019-12-12
"2",4,"S477G","USA: Wisconsin",2020-12-26
"3",2,"Q498H","USA: Minnesota",2021-06-04
"4",16509,"E484K","Japan",2020-02-01
"5",35,"G446V","USA: Minnesota",2020-03-26
"6",242,"A522S","USA: New York",2020-03-21
"7",47,"S359N","Japan",2020-07-27
"8",133,"A522V","USA: Washington",2020-04-12
"9",2364,"S494P","USA: Michigan",2020-03-20
"10",1201,"A520S","USA: Washington",2020-03-13
"11",205,"L452R E484Q","USA: California",2021-01-08
"12",30,"S514F","Bangladesh",2020-04-25
"13",7982,"L452R T478K","USA",2020-05-01
"14",26,"G476S","USA: Washington",2020-03-02
"15",35,"A344S","USA: Washington",2020-03-15
"16",50,"V483A","USA: Washington",2020-02-29
"17",1,"A348T","USA: Washington",2020-03-16
"18",2,"H519Q","USA: Washington",2020-03-15
"19",10,"A419S","USA: Washington",2020-03-25
"20",2,"K529E","USA: Washington",2020-03-24
"21",150,"V367F","Hong Kong",2020-01-22
"22",1,"P491L H519Q","Malaysia",2020-03-20
"23",44,"T323I","USA: New York",2020-03-21
"24",1,"N354B","USA: Michigan",2020-03-21
"25",23,"G485R","China",2020-02-06
"26",1,"E471Z","Australia",2020-03-17
"27",12,"I468T","Australia",2020-03-18
"28",1,"N481B","Australia",2020-03-25
"29",1,"N487B","Australia",2020-03-27
"30",47,"Q321Z","USA: Florida",2020-03-09
"31",1,"T393P","Greece",2020-03-29
"32",1,"C379F","France",NA
"33",1,"V382E","France",NA
"34",1,"T323K","China",NA
"35",1,"R509K V510L","Hong Kong",2020-02-11
"36",2,"K458N","Hong Kong",2020-02-19
"37",10,"E471Q","India",2020-05-04
"38",20,"R408I","Egypt",2020-05-02
"39",1,"V407D P412Q F429I C432R N450K Y451F L452M P463H F464C P491H F497I","India",NA
"40",12,"P479L","USA",2020-04-03
"41",120,"P384L","USA: Wisconsin",2020-04-01
"42",18552,"S477N","Australia",2020-03-19
"43",41,"A348S","USA: Michigan",2020-03-22
"44",1,"N460T","USA: Washington",2020-03-29
"45",161,"P330S","USA: Kentucky",2020-04-01
"46",1,"T345S","USA: Washington",2020-05-03
"47",1,"P507H Y508N","India",2020-06-11
"48",11,"R403K","USA: Florida",2021-02-09
"49",8,"L441I","USA: Florida",2020-05-15
"50",18,"N354K","USA: Maryland",2020-04-01
"51",9,"Q321L","USA: Wisconsin",2020-03-15
"52",18,"L518I","Bangladesh",2020-06-16
"53",1197,"N501Y","Australia",2020-06-03
"54",12,"V483F","USA",2020-05-26
"55",160,"V382L","USA: Wisconsin",2020-06-03
"56",1,"K458Q","USA: California",2020-04-29
"57",1,"R457K","USA: Florida",2020-04-11
"58",7,"Q493L","USA: Wisconsin",2020-05-20
"59",29,"A475V","USA: Georgia",2020-03-14
"60",61,"N439K","Poland",2020-01-20
"61",3,"V395I","USA: California",2020-03-15
"62",6,"A411S","USA: California",2020-04-29
"63",1,"G413R","USA: California",2020-04-28
"64",39,"E484Q","USA: California",2020-03-20
"65",22,"Y508H","USA: Arizona",2020-04-28
"66",3,"V407I","Belize",2020-03-27
"67",12,"R357K","USA: Florida",2020-07-15
"68",2,"F490V","USA: Massachusetts",2020-05-07
"69",8496,"T478K","USA: Massachusetts",2020-04-28
"70",6,"A372V","Serbia",2020-07-11
"71",1,"N439K S494P","United Kingdom",2020-06-18
"72",1,"Y449D","Venezuela",2020-05-25
"73",2,"R346T","India",2020-06-18
"74",2,"Q498Y P499T","Iran",2020-03-18
"75",1,"Q493K Q498Y P499T","",NA
"76",18,"P521S","USA: Florida",2020-05-23
"77",2,"Q321Z S477N","Australia",2020-06-29
"78",2,"S477N P521S","Australia",2020-07-09
"79",3,"P330A S477N","Australia",2020-07-07
"80",1,"V407A S477N","Australia",2020-07-10
"81",1,"K444N S477N","Australia",2020-07-16
"82",1,"S477N S494L","Australia",2020-07-19
"83",20,"L455F S477N","Australia",2020-08-18
"84",3,"S477N A522V","Australia",2020-07-21
"85",12,"G446V S477N","Australia",2020-07-15
"86",1,"Q321E","Australia",2020-04-15
"87",2,"C488R","Iran",2020-05-01
"88",1,"V362L A363P","USA: Maryland",2020-06-03
"89",1,"T345I","Peru",2020-04-01
"90",1,"N437S","Peru",2020-04-01
"91",2,"S530T L533K","Iran",2020-03-20
"92",6,"F374L","USA: Wisconsin",2020-08-10
"93",3,"A522G","USA: Wisconsin",2020-09-04
"94",5,"L455F","USA: California",2020-05-20
"95",1,"K529N S530F T531N C538S V539F","Iran",2020-04-27
"96",1,"I468F C480W C488W V503L Q506P","Iran",2020-03-22
"97",1,"R457K R509T V534G","Iran",2020-03-22
"98",1,"A520S V534G","Iran",2020-03-22
"99",1,"G485S V510E K535V N540K","Iran",2020-03-22
"100",1,"Y380N N448K","Iran",2020-04-25
"101",1,"Y508S C525W N532Y V539G","Iran",2020-02-20
"102",1,"N487K Q498P K535V","Iran",2020-02-24
"103",1,"N487H","Iran",2020-03-20
"104",1,"N437I T500P H519N","Iran",2020-03-25
"105",1,"I402N N448K R457S F464L D467K S469Q T470N I472N","Iran",2020-04-25
"106",1,"E324K G339F V341I N354H R357K S359N N360T S371P S375P Y380W L390P N394K","Iran",2020-03-27
"107",3,"N536K","Iran",2020-03-20
"108",2,"A411T","Iran",2020-04-27
"109",1,"K535I","Iran",2020-04-27
"110",7,"V503F","USA: Maryland",2020-06-17
"111",3,"K529N","USA: Washington",2020-07-15
"112",2,"N487I","Iran",2020-05-27
"113",1,"R408T D427N","Iran",2020-05-27
"114",1,"K535E","Iran",2020-04-29
"115",1,"F486L N487I Q493P N501K V510E K535E","Iran",2020-04-28
"116",1,"S459Y","Iran",2020-04-28
"117",1,"D398N K535G","Iran",2020-04-27
"118",29,"Q414R","USA: Florida",2020-07-28
"119",1,"K424N K535S","Iran",2020-03-22
"120",9,"V341I","USA: California",2020-11-17
"121",6,"L452Q","Iraq",2021-02-22
"122",24,"S477I","USA: New Mexico",2020-08-20
"123",11,"T376I","USA: New Mexico",2020-08-26
"124",80,"P479S","USA",2020-04-13
"125",1,"N460I K462N P463L I468L","Iran",2020-03-22
"126",1,"G485S L513F","Iran",NA
"127",1,"L533F","Iran",NA
"128",1,"N440H F486L","Iran",NA
"129",1,"P463L T500I N501R R509K V511E S514P H519I P521Q A522P T523P P527T","Iran",NA
"130",15,"V367I","USA: Texas",2020-03-31
"131",9,"F490L","USA: Arizona",2020-04-10
"132",2,"T478A","USA: California",2020-08-04
"133",1,"K529I","Iran",NA
"134",1,"D467N","Iran",NA
"135",1,"L452P","Iran",NA
"136",5,"L517F","USA: Minnesota",2020-04-15
"137",49,"V320I S477N","Australia",2020-07-30
"138",1,"A475T S477N","Australia",2020-07-23
"139",1,"S477N T500N L513F","Australia",2020-07-30
"140",1,"A344V S477N","Australia",2020-09-07
"141",4,"S477N S494P","Australia",2020-08-14
"142",2,"S477N F490L","Australia",2020-08-22
"143",1,"N448B S477N","Australia",2020-08-27
"144",2,"V320I","Australia",2020-09-04
"145",5,"V362F","USA: Maryland",2020-09-28
"146",1,"R457T","Iran",NA
"147",1,"N487I V512L A522P","Iran",NA
"148",1,"R328T","Iran",NA
"149",4,"N354D P521R","USA: New Mexico",2020-05-08
"150",1,"Q474H","USA",2020-04-25
"151",17,"Y453F","USA",2020-08-04
"152",183,"N440K","Hong Kong",2020-10-07
"153",3,"I410V S477N","Australia",2020-08-05
"154",13,"T323I S477N","Australia",2020-07-31
"155",1,"G339S S477N","Australia",2020-08-19
"156",1,"V524L","USA: California",2020-03-16
"157",5,"T430I","USA: Florida",2020-04-10
"158",3,"E484A","USA: New York",2021-02-13
"159",16,"L452M","Egypt",2020-07-04
"160",2,"I358V","Bahrain",2020-07-26
"161",4,"A344T","India",2020-07-06
"162",4,"E324Z","USA: California",2020-09-24
"163",1,"S477N N501S","Australia",2020-08-10
"164",1,"S477N L513F","Australia",2020-07-29
"165",1,"L455V S477N","Australia",2020-07-31
"166",1,"K528I","USA: Virginia",NA
"167",9,"I402V","USA: California",2020-09-23
"168",2,"L517J","USA: California",2020-06-16
"169",20127,"L452R","USA",2020-05-01
"170",3,"G446D","USA: Florida",2020-05-11
"171",2,"L513F","USA: California",2020-04-03
"172",1,"Q321L P384L","USA: Virginia",NA
"173",1,"Q321Z S494P","USA: Minnesota",2020-11-03
"174",29,"P384S","USA: Washington",2020-08-11
"175",3,"P499L","USA: California",2020-09-17
"176",11,"P521R","Israel",2020-03-07
"177",1,"I472T","USA: California",2020-05-05
"178",52,"F490S","USA",2020-06-26
"179",1535,"N501T","United Kingdom",2020-01-29
"180",5,"N532S","USA",2020-08-10
"181",65,"T323I E484K","USA",2020-08-17
"182",1,"T523A","Pakistan",2020-06-24
"183",16,"D427N","USA: Texas",2020-06-21
"184",1,"R509K E516D","Iran",NA
"185",1,"R403K R408K A411P","Iran",NA
"186",139,"T478R","USA: Arizona",2020-10-29
"187",7,"F338L","USA: Minnesota",2020-09-17
"188",10,"R408K","Tunisia",2020-09-21
"189",2,"L452R A475T","USA: New Mexico",2020-12-26
"190",1,"S459F F490S","USA: New Mexico",2020-12-26
"191",3,"K537R","USA: New York",2020-09-01
"192",1,"A344V","USA: California",2020-12-26
"193",3,"P507S","Egypt",2020-05-14
"194",1,"R328G","Egypt",2020-08-03
"195",1,"P426T","Egypt",2020-07-12
"196",6,"T478I","Japan",2020-08-01
"197",1,"K529M","USA: Washington",2020-11-16
"198",1,"V483L","USA: California",2020-10-04
"199",12,"E406Q","USA: California",2020-07-01
"200",1,"G446V Y453F E484K","USA: California",2021-01-07
"201",15,"V367L","USA: Idaho",2020-09-30
"202",60,"T385I","USA: Washington",2020-11-21
"203",41,"S477R","USA: Oklahoma",2020-10-30
"204",42,"R346K","USA: Michigan",2020-05-20
"205",7,"G339S","Japan",2020-12-15
"206",23,"T470N","USA: Colorado",2020-12-04
"207",7,"L335F","USA: North Carolina",2020-11-24
"208",68,"N370S","USA: Massachusetts",2020-12-23
"209",13,"P384L E484K","Egypt",2021-01-03
"210",1,"K378R","Egypt",2021-01-03
"211",1,"L452R L518V","USA: California",2021-01-03
"212",22,"K356R","USA: Texas",2020-07-20
"213",11418,"K417T E484K N501Y","USA",2020-10-09
"214",1,"K462E","USA: California",2020-08-13
"215",1,"N540K","USA: Oklahoma",2020-10-13
"216",9,"N370K","USA: Ohio",2020-12-28
"217",5,"A348S T478K","Iraq",2021-01-20
"218",2,"L452R N460T","USA: California",2021-01-15
"219",1,"S359T","Bangladesh",2020-10-05
"220",9,"S373L","USA",2020-05-14
"221",1,"L441I N501T","USA",2020-12-04
"222",1,"V367F Q414R","USA",2020-12-13
"223",1,"A352D","USA: California",2021-01-09
"224",11,"S443A","USA: California",2020-11-18
"225",5,"A522P","USA: New Mexico",2020-12-30
"226",2,"H519Y","USA: Massachusetts",2021-02-10
"227",1,"S438C","Iran",NA
"228",1,"V407L P412S","Iran",NA
"229",1,"R355T","Iran",NA
"230",1,"V407L A411T","Iran",NA
"231",1,"V407I R408T G413R D427N G431R","Iran",NA
"232",1,"D427H","Iran",NA
"233",2,"N481S","USA: Mississippi",2020-12-17
"234",9,"I468V","USA: Idaho",2020-08-21
"235",6,"G339D","USA: Alabama",2020-10-27
"236",40,"L452R A522V","USA: California",2020-12-18
"237",82,"A475S","USA: California",2020-11-18
"238",2,"Q321Z V382L","USA: California",2020-11-19
"239",1,"Q321Z A522E","USA: California",2020-11-18
"240",11,"E484K N501T","Ghana",2021-01-06
"241",1,"L452R I472V","Ghana",2021-01-06
"242",1,"N501Y L513I","Ghana",2021-01-08
"243",1,"A475V N501Y","Ghana",2021-01-06
"244",1,"G446V A520S","USA",2021-01-15
"245",1,"S459P","USA: California",2021-01-18
"246",1,"N440S T478K","USA: Texas",2021-01-14
"247",7,"T470I","Kenya",2020-06-27
"248",134,"L452R A522P","USA: Missouri",2021-01-12
"249",5,"S349P","USA",2020-09-16
"250",8,"R346G L452R","USA: California",2021-01-12
"251",7,"N532K","USA: Tennessee",2021-01-23
"252",10,"V483I","USA: Massachusetts",2021-01-22
"253",5,"K417N L452R","USA: California",2021-01-22
"254",1,"D427Y","USA: North Carolina",2021-01-21
"255",16,"P384L L452R","USA: California",2021-01-13
"256",2,"S373L L452R","USA: California",2021-01-14
"257",27,"Q414K","Israel",2020-03-15
"258",1,"N394I","USA: Virginia",NA
"259",21,"K444R","USA",2020-10-20
"260",3,"E516G","USA: Washington",2020-03-16
"261",1,"V483G","USA: Washington",2020-04-10
"262",14,"V503I","USA: Washington",2020-07-20
"263",1,"A363V","USA: Washington",2020-04-02
"264",1,"P384S S494P","USA: West Virginia",2021-01-28
"265",3,"E324K","Uganda",2020-10-31
"266",4,"N501I","USA: Indiana",2021-01-29
"267",22,"N450K","USA: New Jersey",2021-01-07
"268",1,"T385I L452R","Ghana",2021-01-12
"269",1,"A344S N501T","USA: Massachusetts",2021-01-10
"270",1102,"S494P N501Y","USA: Georgia",2020-12-30
"271",133,"E484K N501Y","Brazil",2020-12-21
"272",21,"T415A","USA: Maryland",2020-11-12
"273",2,"N354D A520S","USA",2021-01-09
"274",4,"K378N","USA: Arizona",2020-12-26
"275",2,"D427V","USA: Texas",2021-02-01
"276",5,"S373P","USA",2020-08-18
"277",19,"A352S","USA: Idaho",2020-10-07
"278",6,"R466K","USA",2020-11-30
"279",4,"L452R T478I","USA: South Carolina",2021-01-18
"280",17,"A348S L452R","USA: Maryland",2021-01-20
"281",1,"E324V","USA: North Carolina",2021-01-20
"282",26,"S477N A522S","Germany",2020-12-11
"283",4,"S459F","USA: North Carolina",2021-01-19
"284",2,"S373A","USA: Nevada",2021-01-15
"285",10,"N354D","USA: New York",2021-01-18
"286",5,"S494L","USA: Alaska",2020-12-30
"287",3,"P330S T478K","USA: Illinois",2021-01-02
"288",14,"E406Q T478K","USA: California",2021-01-02
"289",2,"F456L","USA: Ohio",2021-01-08
"290",4,"P521L","USA: Massachusetts",2021-01-21
"291",1,"R408S L452R","USA: California",2021-01-21
"292",1,"L441F","USA: North Carolina",2021-01-25
"293",1,"P337T","USA: North Carolina",2021-01-25
"294",1,"A522E","USA: Virginia",2021-01-26
"295",6,"T376S","USA: Minnesota",2021-01-13
"296",1,"I402L","USA: Georgia",2021-01-25
"297",6,"K444N L452R","USA: Georgia",2021-01-25
"298",19,"N460I","USA: Idaho",2020-08-13
"299",25,"L452R S494P","USA: Texas",2021-01-11
"300",4,"V367F L452R","USA: Arizona",2021-01-27
"301",1,"T430I N501T","USA: Massachusetts",2021-01-29
"302",1,"E465D","USA: Georgia",2021-02-02
"303",10,"L452R L455F","USA: Texas",2021-01-29
"304",4,"R408I L452R","USA: Arizona",2021-01-28
"305",61,"L452R S477G","USA: California",2021-01-29
"306",15,"K417N","USA: California",2020-11-03
"307",4,"D364N","USA",2021-02-01
"308",3,"N532D","USA: Arkansas",2021-01-30
"309",1,"S325F","USA: New York",2021-02-02
"310",5,"T323I T478K","USA: Kansas",2021-01-31
"311",6,"Q493R","USA: Kansas",2021-01-26
"312",6,"P330A","USA: California",2021-01-26
"313",1,"A372V F490S","USA: Louisiana",2021-01-25
"314",13,"L452R V483F","USA: California",2021-01-27
"315",9,"P384S E484K","USA: North Carolina",2021-02-04
"316",9,"E324D","USA: Florida",2021-01-29
"317",1,"A348G","USA: Alabama",2021-02-04
"318",1,"A348V F490S","USA: Florida",2021-02-08
"319",2,"G485A","USA",2021-01-29
"320",4,"V534F","USA: Idaho",2020-07-29
"321",4,"R346K S373P","#N/D",2021-01-31
"322",4,"S477R N501T","USA: Pennsylvania",2021-02-09
"323",2,"Q493H","USA: Louisiana",2021-01-30
"324",1,"E471Z T478K","USA: California",2021-01-31
"325",26,"S477N E484K","USA: New York",2021-02-17
"326",1,"L452R G482S","USA: California",2021-02-08
"327",2,"V445F","USA: Michigan",2021-02-06
"328",2,"E465G","USA: Alabama",2020-12-02
"329",1,"V483A A520S","USA: Florida",2021-02-09
"330",1,"T415S","Israel",2020-03-15
"331",1,"K417R","Israel",2020-04-21
"332",1,"Q493R N501Y","USA",2021-02-15
"333",1,"K458R","USA: Maryland",2021-01-25
"334",1,"F490S S494P","USA: Texas",2021-02-10
"335",2,"N334K","USA: Massachusetts",2021-02-11
"336",1,"G504N","USA: Massachusetts",2021-02-11
"337",3,"N460K","USA: Texas",2021-02-13
"338",1,"Y473F F490S","USA: Texas",2021-01-07
"339",2,"L517I","USA: Texas",2021-01-29
"340",35,"T415N L452R","USA",2021-01-04
"341",4,"T523I","USA: Iowa",2020-11-13
"342",2,"A348S S494P","USA: Florida",2021-02-04
"343",1,"L452R G504C","USA: Florida",2021-02-03
"344",1,"N540D","USA: North Carolina",2021-02-09
"345",11,"L452R P479S","USA: California",2021-02-11
"346",6,"L452M A522S","USA: Florida",2021-02-10
"347",1,"V327I I434V","USA",2021-01-29
"348",2,"E484D S494P","USA: Pennsylvania",2021-02-15
"349",22,"T478K A522P","USA: California",2021-02-10
"350",3,"V367I N501Y","USA: Florida",2021-02-13
"351",1,"K378N L452R","USA: Texas",2021-02-14
"352",1,"T323I S494P","USA: Illinois",2021-02-16
"353",1,"A411V","USA: Minnesota",2021-02-15
"354",2,"A520L","USA: Washington",2021-02-16
"355",3,"D405Y","USA: California",2021-01-03
"356",41,"L452R S477I","USA",2020-05-01
"357",2,"S494P A520S","USA: California",2021-01-15
"358",3,"S494R","USA: California",2021-01-15
"359",3,"L452R Q493H","USA: Virginia",NA
"360",2,"I410V L452R","Bahrain",2021-02-08
"361",2,"G413C L452R","USA: North Carolina",2021-02-09
"362",33,"L452R N501Y","USA",2020-12-30
"363",2,"L452R L461I","USA: Maryland",2021-02-10
"364",1,"N370K T478K","USA: Connecticut",2021-02-09
"365",8,"E324Q","USA: New York",2021-01-15
"366",1,"I434V","USA: Kentucky",2021-02-13
"367",3,"E484Z","USA: Massachusetts",2021-01-04
"368",7,"E516Q","Bangladesh",2020-06-11
"369",1,"N354S N501T","USA: Maine",2021-01-05
"370",12,"N440K E484K","USA: Maryland",2021-02-12
"371",1,"S477T","USA",2021-02-16
"372",6,"L335F T478K","USA",2021-02-02
"373",4,"N450D","USA",2020-12-01
"374",1,"V320A","USA: Pennsylvania",2021-02-20
"375",7,"A372V T478K","Mexico",2021-02-12
"376",3,"A411S L452R","USA: California",2021-02-17
"377",1,"L452R S477T","USA: California",2021-02-15
"378",3,"V320F","USA",2020-11-17
"379",1,"V367F F490L","USA: Massachusetts",2021-02-17
"380",1,"L452R Y473H","USA: Florida",2021-02-16
"381",1,"P463S S494P","USA: Minnesota",2021-02-22
"382",1,"R403K N501T","USA: Connecticut",2021-02-22
"383",1,"S494P N501T","USA: Connecticut",2021-02-22
"384",3,"V327I","USA: New York",2021-02-03
"385",2,"T323I A522S","USA: Texas",2021-02-22
"386",1,"T478K S514F","USA: Texas",2021-02-23
"387",4,"E340K L452R","USA: Arizona",2021-01-04
"388",23,"T478K S494P","USA: Illinois",2021-02-22
"389",2,"A475V S477N","USA: New Jersey",2021-02-17
"390",4,"V445I","USA: Florida",2021-02-20
"391",1,"V327I L452R","USA: Utah",2021-02-22
"392",1,"E484K P499S","USA: Virginia",2021-02-22
"393",4,"Q498R","USA: Georgia",2021-02-25
"394",4,"T323I L452R","USA: Georgia",2021-02-26
"395",1,"K356N","USA: Florida",2021-02-23
"396",7,"Q321Z L452R","USA: California",2021-01-17
"397",1,"Q321Z A520S","USA: California",2021-02-09
"398",1,"Q321Z L452R E484Q","USA: California",2021-02-01
"399",1,"G485S","USA: California",2021-02-01
"400",2,"A419S L452R","USA: California",2021-02-03
"401",1,"L335M","USA: New York",2021-02-22
"402",2,"G413R L452R","USA: Pennsylvania",2021-02-25
"403",1,"S373L T478K","USA: Massachusetts",2021-02-07
"404",2,"S371P","USA: Florida",2021-02-24
"405",23,"K417N E484K N501Y","South Africa",2021-01-09
"406",5,"T478K Y508H","USA: Texas",2021-02-27
"407",5,"S477R E484K","USA: New Jersey",2021-02-25
"408",2,"P384L T478K","USA: Texas",2021-03-03
"409",1,"N501Y T523A","USA",2021-02-24
"410",2,"V367A","USA: Washington",2021-02-24
"411",8,"P330S N501T","Saudi Arabia",2020-11-26
"412",1,"L335F A352S","Guam",2020-12-16
"413",1,"D389E","USA: Georgia",2021-02-27
"414",9,"S359N L452R S477G","USA: California",2021-03-01
"415",4,"N394S","USA: Massachusetts",2021-03-02
"416",2,"L452R A475V","USA",2020-12-16
"417",2,"N354H","USA: Florida",2021-02-17
"418",5,"P330S L452R","USA: Pennsylvania",2021-02-15
"419",1,"G482S","USA: North Carolina",2021-02-16
"420",2,"N331S","USA: Florida",2021-02-16
"421",20,"V483F E484K","USA",2021-01-14
"422",1,"R346I","USA: Georgia",2021-02-19
"423",4,"T478K A522V","USA",2021-01-20
"424",1,"G476V N501T","USA: Massachusetts",2021-02-23
"425",1,"V362F L452R","USA: Louisiana",2021-03-03
"426",3,"N501T N536K","USA: Oklahoma",2021-02-28
"427",2,"L452R L517F","USA: Wisconsin",2021-03-01
"428",2,"V367F T478K","USA: West Virginia",2021-03-01
"429",2,"S477I T478K","USA: Louisiana",2021-03-04
"430",1,"T376I S477R","USA: Georgia",2021-03-01
"431",2,"A352V","USA",2021-02-19
"432",1,"N440K K444N","Italy",2021-03-22
"433",1,"L452R V483A","USA: California",2021-02-27
"434",1,"T323R","USA: Ohio",2021-03-06
"435",2,"G446S L452R","USA: South Carolina",2021-03-05
"436",2,"L452R N532S","USA: California",2021-02-12
"437",22,"P330S E484K","USA",2021-01-26
"438",3,"L452R N501I","USA",2021-03-02
"439",1,"Q493K","USA: Texas",2021-03-08
"440",118,"L452R V503I","USA: Arizona",2021-01-24
"441",3,"E471G","USA: Indiana",2021-03-05
"442",1,"G476A","USA: Pennsylvania",2021-03-04
"443",1,"P337S L452R","USA: Florida",2021-03-08
"444",1,"Y453F T478K","USA: Florida",2021-03-08
"445",1,"V382L L452Q","USA: New Hampshire",2021-03-09
"446",5,"L452R Y453F","USA",2021-02-23
"447",1,"I468T N501Y","USA: Ohio",2021-03-09
"448",16,"A344S L452R","USA: California",2021-02-18
"449",2,"E484K A522S","USA: North Carolina",2021-03-08
"450",5,"N394S T478K","USA: Illinois",2021-03-10
"451",3,"L452R F490S","USA: California",2021-03-05
"452",7,"T478K A522S","USA: Texas",2021-03-15
"453",2,"E324G","USA",2021-02-02
"454",8,"E484D","United Kingdom",2020-01-29
"455",4,"P463S","USA",2021-01-05
"456",1,"E484Q Y508H","USA: Massachusetts",2020-12-31
"457",1,"N370S E484K","USA: Rhode Island",2021-03-03
"458",1,"L452R Q493K","USA: Massachusetts",2021-03-13
"459",32,"K417T","USA",2020-03-15
"460",4,"G381R","USA: Arizona",2020-10-29
"461",1,"L452R N481S","USA",2021-03-05
"462",20,"K417T N501Y","USA",2021-02-24
"463",1,"L452R P499L","USA: California",2021-02-25
"464",1,"L452R N540R","USA: Georgia",2021-01-14
"465",1,"K417T L452R N501Y","USA: Florida",2021-02-24
"466",1,"N354D L452R","USA: California",2021-02-23
"467",3,"L452R E484K","USA: Texas",2021-02-21
"468",3,"I472V","India",2020-12-23
"469",6,"T376I L452R","USA: New York",2021-02-23
"470",5,"E406D","USA: Pennsylvania",2020-12-11
"471",7,"G446V L452R","USA",2021-01-16
"472",1,"N370K L452R","USA: California",2021-03-16
"473",1,"A352D L452R","USA: California",2021-03-13
"474",34,"G446S","USA: Pennsylvania",2020-12-30
"475",3,"P330L","USA: California",2020-09-15
"476",1,"V350I L452R","USA: Ohio",2021-03-28
"477",2,"S477N N481K","USA: North Carolina",2021-03-02
"478",2,"F490Y","USA",2021-02-25
"479",1,"V367F V511L","USA: Texas",2021-03-08
"480",1,"V362I L452R","USA: California",2021-03-08
"481",9,"G339S L452R","USA: Indiana",2021-03-08
"482",18,"T478K E516Q","USA: Iowa",2021-02-25
"483",2,"G485V","USA: Kentucky",2021-03-08
"484",1,"N481T","USA: Minnesota",2021-03-10
"485",1,"G446V L452R A522P","USA: Michigan",2021-03-13
"486",7,"F490S N501Y","West Bank",2021-02-05
"487",9,"G339D N501T","USA: California",2021-03-17
"488",1,"S359G L452R","USA: California",2021-03-19
"489",2,"L452R E516Q","USA: California",2021-03-07
"490",1,"E406Z T478K","USA: Colorado",2021-03-05
"491",1,"E406Q L452R","USA: Colorado",2021-03-05
"492",10,"R357K L452R","USA: Colorado",2021-03-05
"493",1,"E324V L452R","USA: California",2021-03-09
"494",1,"L452R G504N","USA: California",2021-03-09
"495",2,"G476S T478K","USA: California",2021-03-13
"496",1,"L452R P507S","USA: California",2021-03-11
"497",1,"F338L R408G","USA: Missouri",2021-02-12
"498",4,"L452R A522S","Mexico",2021-02-11
"499",1,"A348P","USA: Michigan",2021-03-06
"500",1,"T470A","USA: North Carolina",2021-03-11
"501",1,"K529R","USA: California",2021-03-06
"502",2,"L452R S494L","USA: Florida",2021-03-17
"503",3,"I434T L452R","USA",2021-03-12
"504",2,"N448D","USA",2021-01-12
"505",1,"L452R G485R","USA: California",2021-03-14
"506",11,"R346I E484K","USA: Connecticut",2021-02-25
"507",1,"P384L S494P","USA: Connecticut",2021-03-21
"508",5,"T478K A520S","USA: Texas",2021-03-21
"509",4,"T430I L452R","USA: California",2021-01-07
"510",14,"T385I S494P N501Y","USA: New York",2021-03-02
"511",1,"L452R E484Q A520S","USA: Georgia",2021-03-21
"512",1,"Q493L N501Y","USA: Ohio",2021-03-20
"513",1,"P479H S494P","USA: Maryland",2021-03-19
"514",2,"S477N K529N","USA: Rhode Island",2021-03-20
"515",1,"Q493R N501T","USA",2021-02-04
"516",1,"S371T N501T","USA",2021-03-04
"517",2,"F338L E484K","USA: Florida",2021-02-12
"518",35,"L452Q F490S","USA: Florida",2021-03-16
"519",20,"R408K S477N","USA",2021-02-13
"520",4,"L452R A520S","USA: California",2021-03-24
"521",1,"V401L L452R","USA: California",2021-03-25
"522",3,"T478K F490S","USA: Idaho",2021-03-09
"523",1,"L452R V483G","USA: Texas",2021-03-23
"524",2,"A475S N501T","USA: Texas",2020-11-04
"525",1,"L452R E484Z","USA: Mississippi",2021-03-22
"526",2,"T323A S477N","USA: Rhode Island",2021-03-18
"527",1,"Q414K T470I","USA: Virginia",NA
"528",1,"Y451H","USA: Virginia",NA
"529",2,"D427G L452R","USA: California",2021-01-20
"530",7,"T323I N501Y","USA: Virginia",2021-03-04
"531",1,"P337L T478K","USA: Utah",2021-03-26
"532",16,"L452R G476S","USA: Nevada",2021-03-26
"533",3,"E324Q L452R","USA: California",2021-03-18
"534",1,"L452R F490L","USA: Michigan",2021-03-17
"535",1,"L452R N501S","USA: Arizona",2021-03-18
"536",1,"P322S","USA: New Hampshire",2021-03-18
"537",1,"V382M","USA",2020-09-10
"538",1,"A520V","USA",2020-11-03
"539",7,"G476S E484K","USA",2021-04-01
"540",285,"K417T D427N E484K N501Y","USA: Arizona",2021-03-18
"541",1,"L335S K417T E484K N501Y","USA: Illinois",2021-03-19
"542",1,"F464S","USA: California",2020-08-28
"543",3,"N360S L452R","USA: California",2021-02-10
"544",1,"T478K A520V","USA: California",2021-02-22
"545",1,"I468J E484K","USA: California",2021-02-07
"546",1,"K528R","USA: Alabama",2020-12-08
"547",1,"S477N T500A","USA: Pennsylvania",2021-03-29
"548",1,"E484K P521L","USA: Connecticut",2021-03-21
"549",1,"E484Q A520S","USA: Alabama",2021-02-23
"550",1,"A475V Q493R N501T","USA: Rhode Island",2021-03-30
"551",2,"P384S L452R","USA: California",2021-03-31
"552",6,"T478K K535R","USA: California",2021-03-29
"553",1,"N501T P507S","USA: Massachusetts",2021-02-20
"554",1,"S494P N501Y A520S","USA: Florida",2021-02-16
"555",1,"P337S E484K","USA: North Carolina",2021-02-21
"556",2,"G446V E484K","USA: Pennsylvania",2021-02-22
"557",4,"N354S S494P","USA: Pennsylvania",2021-02-24
"558",1,"F490S S494P N501Y","USA: North Carolina",2021-02-24
"559",1,"L441F E484K","USA: Florida",2021-02-26
"560",19,"S477N N532S","USA: Michigan",2021-03-07
"561",1,"R408I N501T","USA: Massachusetts",2021-03-08
"562",1,"S375F S477N","USA: California",2021-03-11
"563",1,"N501T E516Q","USA: Wisconsin",2020-12-30
"564",6,"V367F E484K","USA",2021-02-04
"565",1,"V367F D427Y","USA: South Carolina",2021-03-19
"566",22,"V382L L452R E484Q","India",2021-03-06
"567",3,"Q493K S494P N501Y","USA: New York",2021-03-18
"568",1,"Q474E T478K","USA: Illinois",2021-03-14
"569",2,"S359N K417T E484K N501Y","USA: Michigan",2021-04-04
"570",2,"P330S S494P","USA: New York",2021-02-17
"571",1,"V433I","India",2020-09-16
"572",1,"K417M","USA: Georgia",2021-01-15
"573",2,"F490I S494P","USA",2021-03-23
"574",1,"A372V L452R","USA",2021-01-06
"575",8,"N354S","USA: Texas",2020-05-19
"576",1,"N450I","USA: Virginia",2020-11-04
"577",1,"F490V S494P","USA: Massachusetts",2021-02-16
"578",1,"Y451H S494P N501Y","USA: Illinois",2021-02-19
"579",1,"K356R S494P","USA: Pennsylvania",2021-03-03
"580",1,"T376I S494P","USA: New York",2021-03-05
"581",2,"S375F","USA: North Carolina",2021-01-19
"582",1,"G504D","USA: Ohio",2021-01-26
"583",1,"D427Y S494P N501Y","USA: North Carolina",2021-01-27
"584",1,"E484K S494P N501Y","USA: Massachusetts",2021-02-03
"585",1,"S359G S477N","USA: Minnesota",2021-02-09
"586",1,"D389G E484K","USA: New Jersey",2021-02-09
"587",1,"I468M","USA: California",2021-02-22
"588",1,"V341I E484K","USA: Tennessee",2021-03-04
"589",1,"K417N I434V E484K N501Y","USA: Virginia",2021-03-08
"590",2,"E484K A522T","USA: New York",2021-03-15
"591",2,"N394S E484K","USA: Pennsylvania",2021-03-16
"592",1,"S494A","USA: Massachusetts",2021-03-18
"593",5,"K417T E484K N501Y A520S","USA: Texas",2021-04-05
"594",1,"A344T K417T E484K N501Y","USA: Florida",2021-04-06
"595",18,"K378N T478K","USA: California",2021-03-30
"596",2,"E340Q E484K","USA: New Jersey",2021-03-27
"597",1,"N334T T478K","USA: California",2021-04-07
"598",1,"P479S G485C","USA: Kentucky",2021-03-14
"599",1,"G485R S494P","USA: Ohio",2021-03-13
"600",1,"N450D E484K","USA: New Jersey",2021-03-14
"601",1,"E406K L455S S477N","USA: New Jersey",2021-03-23
"602",1,"E484K V511I","USA: Virginia",2021-03-26
"603",4,"R346K T478K","Mexico",2021-02-23
"604",1,"V327I N501Y","USA: Florida",2021-03-31
"605",4,"E484K N501S","USA: New Jersey",2021-03-28
"606",1,"T478K Q493L","USA: Ohio",2021-03-25
"607",4,"E484K A520S","USA: California",2021-02-24
"608",11,"K417T E484K","USA: South Carolina",2021-03-23
"609",1,"V362F N439K","USA: Florida",2021-04-01
"610",6,"E484K A522V","USA",2021-01-11
"611",1,"L452R V511I","USA: Massachusetts",2021-03-31
"612",1,"K417T S477G E484K N501Y","USA: North Carolina",2021-04-03
"613",1,"K417T S477N","USA: Massachusetts",2021-03-30
"614",1,"N354K S477N","USA: New Jersey",2021-03-24
"615",2,"A372V S477N","USA: New York",2021-03-30
"616",2,"T376N L452R","USA: Idaho",2021-03-27
"617",1,"L452R L455F A522P","USA: Michigan",2021-04-05
"618",5,"Y396F","USA: California",2021-01-13
"619",73,"R346S L452R","Egypt",2021-03-06
"620",2,"E484K K529N","USA",2021-03-12
"621",2,"S373P S494P N501Y","USA: Massachusetts",2021-04-14
"622",9,"K417T D427E E484K N501Y","USA: California",2021-04-05
"623",14,"R346K E484K N501Y","USA: Alabama",2021-04-03
"624",7,"L452R S477N","USA: Florida",2021-04-07
"625",4,"K417T D427Y E484K N501Y","USA: Indiana",2021-04-03
"626",2,"E465G S477N","USA: Pennsylvania",2021-04-02
"627",1,"S375T L452R","USA: District of Columbia",2021-03-30
"628",1,"P384L V483A S494P","USA: New York",2021-04-07
"629",1,"R346K N501Y","USA: New Jersey",2021-04-07
"630",1,"T323A T478K","USA: California",2021-04-05
"631",1,"K356R E484K","USA: Florida",2021-04-09
"632",5,"P384L S477N","USA: Massachusetts",2021-04-09
"633",2,"K417T D427N","USA: Massachusetts",2021-04-08
"634",1,"S359N L452R","USA: Texas",2021-04-03
"635",2,"S477N A520S","USA: Maine",2021-04-16
"636",1,"F464L S477N","USA: New York",2021-04-13
"637",1,"F490Y S494P","USA: Nebraska",2021-03-26
"638",1,"K462Q","USA: Pennsylvania",2021-03-30
"639",1,"L452R V534F","USA: Nevada",2021-04-11
"640",3,"L452R A475S","USA: California",2021-04-09
"641",2,"K417T T478I E484K N501Y","USA: Massachusetts",2021-04-09
"642",1,"T323I S494P N501Y","USA: Florida",2021-04-13
"643",1,"V367L K417T E484K N501Y","USA: Florida",2021-04-10
"644",1,"L452R S459F","USA: Washington",2021-04-14
"645",1,"E484K S494P","USA: Connecticut",2021-04-13
"646",1,"S477N T523N","USA: Connecticut",2021-04-17
"647",4,"D428E E484K","USA",2021-03-26
"648",2,"S359N N501Y","USA: Michigan",2021-04-02
"649",2,"K417T E484K G485D N501Y","USA: Florida",2021-04-19
"650",3,"K417T E471Q E484K N501Y","USA: California",2021-04-23
"651",2,"S373L K417T E484K N501Y","USA: Wisconsin",2021-04-07
"652",1,"R408I S477N","USA: Georgia",2021-04-01
"653",1,"P330L K417T E484K N501Y","USA: New Jersey",2021-04-01
"654",3,"D405Y S477N","USA: New Jersey",2021-03-19
"655",3,"L452R E484Q N501Y","India",2021-04-01
"656",2,"A344S S477N","USA: Florida",2021-04-07
"657",1,"E465D T478K","USA: Utah",2021-04-07
"658",2,"L452R N501T","Egypt",2021-04-25
"659",1,"P499H","USA: Virginia",2021-03-16
"660",2,"V382L S477N","USA: Connecticut",2021-03-21
"661",1,"T393I K417T E484K N501Y","USA: Washington",2021-04-05
"662",1,"S477N N532Y","USA: Rhode Island",2021-04-12
"663",2,"G413R S477N","USA: Pennsylvania",2021-04-17
"664",51,"T323I K417T E484K N501Y","USA: New York",2021-04-18
"665",1,"S477N N501Y","USA: Florida",2021-04-20
"666",1,"T323R K417T E484K N501Y","USA: New Jersey",2021-04-21
"667",1,"V320F S477N","USA: New York",2021-04-23
"668",1,"E406Q S477N","USA: New York",2021-04-09
"669",1,"E406Z","USA: New York",2021-04-07
"670",2,"E484K V534F","USA: Michigan",2021-04-18
"671",2,"K417T G476S E484K N501Y","USA: Iowa",2021-04-21
"672",8,"K356R S477N","USA: Massachusetts",2021-04-26
"673",1,"K417T L452R","USA: Massachusetts",2021-04-26
"674",1,"R403S","USA: Massachusetts",2021-04-26
"675",1,"E324Q L452R A522P","USA: Michigan",2021-04-19
"676",1,"K417T Y453D E484K N501Y","USA: Pennsylvania",2021-04-20
"677",2,"D427Y L452R","USA: California",2021-04-13
"678",2,"T478K Q498R","USA: Alaska",2021-03-31
"679",1,"A344T N440K","USA: Michigan",2021-03-28
"680",1,"K417N E484K","USA: Connecticut",2021-03-27
"681",1,"K417T E484K N501Y L513F","USA: Michigan",2021-04-22
"682",1,"S477N E516Q","USA: Rhode Island",2021-04-13
"683",1,"G413E","USA: Colorado",2021-02-05
"684",2,"S373L E484K","USA: West Virginia",2021-04-26
"685",4,"G446S S477N","USA: New Jersey",2021-04-13
"686",1,"S477N N501T","USA: New Jersey",2021-04-29
"687",1,"A435S E484K","USA: New York",2021-04-29
"688",3,"P384S S477N","USA: North Carolina",2021-04-29
"689",2,"L335F E484K","USA: New York",2021-04-29
"690",1,"A352V K417T E484K N501Y","USA: New York",2021-04-16
"691",1,"T376I S477N","USA: Rhode Island",2021-04-16
"692",2,"N354K E484K","USA: West Virginia",2021-04-20
"693",2,"S477K","USA: Rhode Island",2021-04-27
"694",1,"L452R R457S","USA",2021-01-28
"695",2,"L452R P463S","USA: Washington",2021-04-25
"696",1,"A344S E484K","Brazil",2020-12-09
"697",4,"S477N V483I","USA: Vermont",2021-05-02
"698",1,"E484K L513F","USA: Florida",2021-04-25
"699",2,"T478K E484K","USA: Alaska",2021-04-03
"700",1,"K417T K462R E484K N501Y","USA: New York",2021-04-26
"701",1,"N501Y K529N","West Bank",2021-04-09
"702",2,"V320F T478K","USA: Indiana",2021-04-10
"703",3,"V320I E484K","USA: Michigan",2021-04-12
"704",2,"L452R T470I","USA: Hawaii",2021-01-29
"705",1,"V367F V382L","USA: Maryland",2021-04-10
"706",2,"V382L E484K","USA: New Jersey",2021-04-14
"707",2,"Y380F S494P","USA: Kentucky",2021-04-26
"708",2,"P384L K417T E484K N501Y","USA: Illinois",2021-04-28
"709",1,"S477N F490S","USA: Florida",2021-04-27
"710",2,"G476A T478K","USA: Alaska",2021-02-08
"711",1,"T385I K444N S477N","USA: Ohio",2021-05-04
"712",1,"N501H","USA: Ohio",2021-05-09
"713",2,"A372V K417T E484K N501Y","USA: Florida",2021-04-28
"714",1,"P337L K417T E484K N501Y","USA: Illinois",2021-05-02
"715",1,"V445L S477N","USA: Minnesota",2021-05-08
"716",5,"S459F S477N","Puerto Rico",2021-05-11
"717",1,"S494P A522S","USA: Pennsylvania",2021-05-07
"718",2,"K417T E484K N501Y L517F","USA: South Carolina",2021-05-10
"719",2,"Q414R S477N","USA: New Jersey",2021-03-16
"720",5,"R408I E484K","USA: Massachusetts",2021-03-23
"721",4,"P426S L452R","USA: Utah",2021-03-10
"722",3,"K458N I468V","India",2020-11-27
"723",2,"S349P L452R","USA",2021-02-19
"724",2,"V320L","Hong Kong",2020-12-20
"725",1,"I472L S477N","USA: New York",2021-04-10
"726",1,"E484K T523I","USA: Texas",2021-05-05
"727",1,"L425V S477N","USA: North Carolina",2021-04-30
"728",1,"P479S E484K","USA: Minnesota",2021-05-06
"729",1,"E484K E516Q","USA: California",2021-05-02
"730",1,"N334S L452R","USA: Florida",2021-02-26
"731",4,"R408G E484K","USA: Connecticut",2021-05-03
"732",1,"T470I T478K","USA: California",2021-05-08
"733",1,"A411S S477N","USA: Florida",2021-05-15
"734",1,"K417T E484K N501Y A520V","USA: Illinois",2021-05-15
"735",1,"R346I S477N","USA: North Carolina",2021-05-14
"736",1,"T323I K417T A475V E484K N501Y","USA: North Carolina",2021-05-11
"737",1,"V395A T478K","USA: Alaska",2021-05-10
"738",1,"V382L K417T E484K N501Y","USA: Florida",2021-05-09
"739",1,"R408G","New Zealand",2020-03-22
"740",4,"A344S K417T E484K N501Y","USA: Virginia",2021-05-20
"741",1,"R346S N501Y","Egypt",2021-05-01
"742",1,"S477N K535T","USA: Connecticut",2021-05-20
"743",1,"A363S S477N","USA: North Carolina",2021-05-12
"744",1,"G381R K417T E484K N501Y","USA: Florida",2021-05-10
"745",1,"S494P Y508H","USA: Virginia",2021-05-03
"746",3,"A348S K417T E484K N501Y","Brazil",2021-03-06
"747",7,"S359R","Egypt",2021-03-05
"748",1,"R346S S359R","Egypt",2021-05-17
"749",4,"R346S D389G L452R","Egypt",2021-03-04
"750",3,"R346S L452R V483A","Egypt",2021-03-14
"751",1,"R403K L452R","USA: Idaho",2021-05-25
"752",14,"R346S","Mexico",2021-02-11
"753",1,"R346S V382M","Egypt",2021-05-01
"754",1,"R346S N360S","Egypt",2021-05-01
"755",1,"R346S E406V L452R","Egypt",2021-03-01
"756",1,"R346S L452R A475V","Egypt",2021-05-14
"757",2,"R346S Q414K L452R","Egypt",2021-05-04
"758",1,"R346S K417N L452R","Egypt",2021-03-07
"759",1,"L492S","Egypt",2021-03-20
"760",1,"R346S P507T","Egypt",2021-03-04
"761",1,"V512I","Egypt",2021-03-01
"762",1,"R408I K417T E484K N501Y","USA: New Hampshire",2021-05-31
"763",2,"E484K P521S","USA",2021-03-16
"764",1,"S359I","USA",2020-12-31
"765",4,"T323I E484K N501Y","USA",2021-05-03
"766",1,"V401I K417T E484K N501Y","USA: Florida",2021-06-01
"767",1,"G413V","USA: California",2020-09-23
"768",1,"V367F A397S","USA: California",2020-09-28
"769",1,"R403I L452R","USA: California",2021-04-01
"770",1,"A475T E484K","USA: Florida",2021-05-11
"771",1,"K417T E484R N501Y","USA: Colorado",2021-05-28
"772",2,"T478K N501Y","USA: Colorado",2021-05-27
"773",4,"N440K L452M","USA: Michigan",2021-04-21
"774",38,"K417N L452R T478K","South Africa",2021-05-22
"775",1,"Y421F","USA: California",2020-12-15
"776",3,"N354D S477N","Puerto Rico",2021-06-01
"777",1,"L452R V503I A522V","USA: Minnesota",2021-05-13
"778",4,"T385N N501Y","USA: Louisiana",2021-05-24
"779",1,"V395A K417T E484K N501Y","USA: Washington",2021-05-23
"780",1,"V367F S375F L452R","USA: Alaska",2021-01-06
"781",1,"V445G","USA",2021-01-15
"782",1,"T478K E484Q","USA",2021-02-22
"783",1,"E484K V539I","USA",2021-05-11
"784",1,"L390F","USA",2020-11-30
"785",1,"K417T V483F E484K N501Y","Brazil",2021-04-07
"786",6,"P322S K417T E484K N501Y","USA: Virginia",2021-06-09
"787",2,"A352S E484K","USA: Louisiana",2021-06-11
"788",4,"S477N E484A","USA: Florida",2021-06-13
"789",3,"V534I","USA: West Virginia",2021-01-05
"790",2,"Q414K N450K","USA: West Virginia",2021-01-19
"791",1,"G485D","USA: West Virginia",2021-01-13
"792",5,"K417T L452R T478K","USA: Texas",2021-06-17
"793",5,"S477N P499R","USA: North Carolina",2021-06-18
"794",2,"T478K E484A","USA",2021-06-17
"795",3,"A352S K417T E484K N501Y","USA: California",2021-06-22
"796",1,"K417T D427N P463S E484K N501Y","USA: Nevada",2021-06-24
"797",2,"K417T D427N T470I E484K N501Y","USA: New Jersey",2021-06-24
"798",1,"K417T E484K N501Y T523P","USA: Florida",2021-06-10
"799",1,"P330S S477N","USA: Tennessee",2021-06-13
"800",1,"E340A L452R","USA: Arizona",2021-06-21
"801",1,"R346K E484K","USA: New York",2021-06-24
"802",15,"L452R T478K E484Q","India",2021-05-22
"803",9,"L452R S477I T478K","India",2021-05-23
"804",1,"L452R T478R","India",2021-06-08
"805",1,"L452R T478K F515L","India",2021-06-09
"806",1,"L452R T478K E484Z","India",2021-06-15
"807",1,"L452R T478K N532S","India",2021-06-22
"808",2,"L452R E484Q A522V","India",2021-03-07
"809",2,"F374Y K417T E484K N501Y","USA: Florida",2021-06-17
"810",1,"N501Y Y508H","USA: Louisiana",2021-06-28
"811",2,"L452R T478K S494L","India",2021-06-11
"812",1,"T323I S477N A522V","USA: New Hampshire",2021-07-08
"813",2,"T333K N501Y","USA: Louisiana",2021-07-10
"814",39,"L452R T478K P479S","USA: Louisiana",2021-07-07
"815",2,"E406Q N501Y","USA: Louisiana",2021-07-07
"816",2,"V320F K417T E484K N501Y","USA: Florida",2021-06-29
"817",2,"L335F N501Y","USA: Louisiana",2021-07-19
"818",4,"L452R S477G T478K","USA: Louisiana",2021-07-15
"819",1,"T478K N501Y A522P","USA: California",2021-02-28
"820",2,"L452R L455F T478K","USA: Louisiana",2021-07-13
"821",1,"L452M S477N","USA",2021-03-12
"822",1,"T385I E484K","USA",2021-03-24
"823",1,"G381R E484K","USA",2021-04-16
"824",1,"N440D E484K","USA",2021-04-19
"825",1,"F456L E484K","USA",2021-04-21
"826",1,"A419S E484K","USA",2021-04-27
"827",1,"D420A E484K","USA",2021-04-28
"828",1,"A352V E484K","USA",2021-05-04
"829",1,"L335F L452R","USA",2021-04-19
"830",1,"A348T L452R","USA",2021-05-14
"831",2,"K417T S477R E484K N501Y","USA: Texas",2021-07-03
"832",1,"V367F K417T E484K N501Y","USA: California",2021-06-30
"833",1,"K417T V433I E484K N501Y","USA: California",2021-06-29
"834",1,"P330S Y508H","USA: Florida",2021-06-29
"835",3,"L452R T478K P479R","USA: Louisiana",2021-07-19
"836",3,"A352S L452R T478K","USA",2020-05-01
"837",1,"N334Y","USA: California",2020-12-15
"838",2,"Y505H","USA: California",2020-12-07
"839",1,"N501T A522V","USA: California",2020-12-26
"840",1,"Y396H","USA: California",2020-12-08
"841",1,"L441P L452R","USA: Oregon",2021-07-18
"842",3,"K417T E484K N501Y A522V","USA: Florida",2021-07-14
"843",1,"S438P","China",2020-02-28
"844",1,"R408T","USA: California",2020-07-18
"845",1,"R466I","USA: California",2020-05-14
"846",1,"K417T A475V E484K N501Y","USA: Florida",2021-07-27
"847",2,"V320F N501T","Saudi Arabia",2021-02-07
"848",2,"P337T N501T","Saudi Arabia",2021-02-12
"849",1,"Y365C","USA: Arizona",2020-12-29
"850",1,"R346S A411S L452R","Egypt",2021-05-14
"851",1,"K417T G446V E484K N501Y","USA: Pennsylvania",2021-07-29
"852",1,"K417T T478K E484K N501Y","USA: California",2021-07-27
"853",1,"K417T D427N E484K","USA: Illinois",2021-07-31
"854",1,"T376I K417T E484K N501Y","USA: Georgia",2021-07-07
"855",1,"L452R T478K L517H","India",2021-07-15
"856",3,"L452R E471Q T478K","India",2021-07-14
"857",1,"R408I A419S S477N","USA: Florida",2021-07-18
"858",4,"L452R N460Y T478K","India",2021-09-01
"859",1,"I410S L452R T478K","India",2021-09-01
"860",4,"L452R T478K V483F","Egypt",2021-09-01
"861",1,"P322S L452R T478K","Egypt",2021-09-01
"862",1,"T415S L452R T478K","Egypt",2021-09-01
"863",1,"L452R I468M T478K","Egypt",2021-09-03
"864",1,"K417T E484K N501Y V511L","USA: California",2021-07-10
"865",1,"T385I K417T E484K N501Y","USA: Florida",2021-07-11
"866",1,"E484K F490S N501T","USA: New Hampshire",2021-08-20
"867",1,"G476S A520S","USA",2020-12-09
"868",5,"R346K L452R T478K","India",2021-09-10
"869",1,"P330S K417T E484K N501Y","USA: Massachusetts",2021-03-25
"870",1,"T478K C488F","USA: Michigan",2021-03-24
"871",1,"L452R T500S","USA: Pennsylvania",2021-03-22
"872",2,"K417T K444N E484K N501Y","USA: Alaska",2021-06-14
"873",1,"N354K K417T E484K N501Y","USA: Illinois",2021-06-12
"874",1,"L452R A475V T478K","USA: Louisiana",2021-08-10
"875",2,"A372T E484Q","USA: Tennessee",2021-03-25
"876",4,"Q414R L452R T478K","USA: Louisiana",2021-09-18
"877",1,"N440S L452R T478K","India",2021-09-25
"878",6,"L452R T478K E484K","India",2021-09-25
"879",1,"L335F L452R T478K","India",2021-09-25
"880",3,"V367L L452R T478K","USA",2021-09-03
"881",1,"I402V T478K","Mexico",2021-02-08
"882",1,"S459F T478K","Mexico",2021-02-14
"883",1,"A475V T478K","Mexico",2021-02-22
"884",1,"R408I T478K","Mexico",2021-02-22
"885",2,"E484G","USA: Idaho",2020-12-09
"886",1,"T478K V483A","Mexico",2021-02-19
"887",1,"K417M E484K N501Y","USA",2021-08-10
"888",2,"L452R S459F T478K","USA: Louisiana",2021-09-30
"889",1,"P322S L452R","USA: Nebraska",2021-04-07
"890",1,"L452R P521S","USA: California",2021-04-09
"891",4,"P499S","USA: Michigan",2020-11-03
"892",4,"N481K","USA: California",2020-07-02
"893",1,"R408K T478R","USA: California",2021-01-20
"894",1,"G446V T478K","USA: California",2021-06-08
"895",1,"E340K K417T E484K N501Y","Mexico",2021-07-06
"896",2,"K417T D427N E484K N501Y A520S","USA: California",2021-06-23
"897",2,"N354K G446S","USA: Pennsylvania",2020-12-30
"898",1,"L452R E471Q","USA",2020-12-15
"899",8,"G446V L452R T478K","USA: North Carolina",2021-08-22
"900",4,"L452R N460T T478K","Egypt",2021-10-21
"901",2,"L452R R466I T478K","Egypt",2021-10-17
"902",1,"R346S L452R T478K","Egypt",2021-10-19
"903",2,"Q414K L452R T478K","Egypt",2021-10-16
"904",8,"A419S L452R T478K","USA",2021-09-21
"905",1,"A372V L452R T478K","Egypt",2021-10-18
"906",2,"D427N L452R","USA",2021-01-19
"907",1,"L452R T478K F490L","USA: Louisiana",2021-08-14
"908",1,"L452R T478K V510A","USA",2021-09-14
"909",2,"L452R N481Y","USA",2020-11-30
"910",1,"I410V","USA: Idaho",2020-10-01
"911",1,"A372T L452R S494L","USA: Colorado",2021-10-14
"912",1,"K417T P463S E484K N501Y","USA: Florida",2021-06-24
"913",1,"K417T E484K S494P N501Y","USA: California",2021-07-07
"914",2,"L452R S514F","USA",2020-12-29
"915",1,"T415A L452R","USA",2020-12-29
"916",1,"R346T L452R","USA",2020-12-29
"917",1,"T323I L452R N460S T478K","USA: Utah",2021-11-04
"918",25,"T385I L452R T478K","USA",2021-09-14
"919",1,"G339D L452R T478K S514Y","USA: Illinois",2021-11-17
"920",5,"T478K L517V H519L","USA: Nebraska",2021-11-17
"921",2,"K444R L452R T478K","USA: Illinois",2021-11-17
"922",1,"T333A L452R T478K","USA: Michigan",2021-10-01
"923",2,"P337S L452R T478K","USA: North Carolina",2021-08-07
"924",7,"L452R T478K A522V","USA: Michigan",2021-09-30
"925",6,"L452R T478K E484A","USA: North Carolina",2021-09-09
"926",1,"G446S L452R T478K","USA",2021-09-15
"927",1,"F486L N501T","USA: Michigan",2020-10-06
"928",1,"L452R G504S","USA",2020-12-15
"929",1,"L452R V512I","USA",2020-12-14
"930",1,"L452R N481D","USA",2020-12-15
"931",3,"P330L L452R","USA",2021-03-24
"932",1,"V367F L452R T478K P479S","USA",2021-10-19
"933",10,"N354K L452R T478K","USA",2021-10-05
"934",3,"L452R G476S T478K","USA",2021-09-13
"935",5,"L452R T478K S514Y","USA",2021-10-11
"936",2,"L452R T478K V483I","USA: North Carolina",2021-08-15
"937",2,"K444N L452R T478K","USA: North Carolina",2021-08-30
"938",3,"P330S L452R T478K","USA",2021-09-09
"939",3,"D428E L452R T478K","USA: North Carolina",2021-09-25
"940",4,"V445F L452R T478K","South Africa",2021-06-18
"941",7,"P384L L452R T478K","USA: Virginia",2021-11-03
"942",9,"L452R T478K A520S","USA",2021-10-21
"943",1,"N370S L452R T478K","USA: North Carolina",2021-11-28
"944",127,"G339D S371L S373P S375F K417N N440K G446S S477N T478K E484A Q493R G496S Q498R N501Y Y505H","#N/D",2021-12-02
"945",4,"L517V H519L","USA: Connecticut",2021-11-08
"946",4,"L452R T478K S514F","USA: North Carolina",2021-11-18
"947",2,"G339D S371L S373P S375F S477N T478K E484A Q493R G496S Q498R N501Y Y505H L517V H519L","USA: Tennessee",2021-12-05
"948",1,"L452R T478K L517F","USA: Michigan",2021-10-30
"949",3,"T415A L452R T478K","USA",2021-10-04
"950",5,"A348S L452R T478K","USA",2021-10-22
"951",1,"A352V L452R T478K","USA",2021-10-02
"952",1,"P426S L452R T478K","USA",2021-09-27
"953",2,"L452R T478K A522P","USA",2021-10-11
"954",3,"L452R T478K N501I","USA",2021-10-02
"955",1,"L452R T478K E484Q G485S","USA",2021-10-02
"956",1,"L452R T478K P491S","USA",2021-09-09
"957",1,"R346G L452R T478K","USA",2021-10-19
"958",2,"L452R T478K V512I","USA",2021-12-04
"959",3,"D427A L452R T478K","USA",2021-12-07
"960",1,"G446V L452R G476D T478K","USA",2021-12-05
"961",4,"S359N L452R T478K","USA",2021-09-17
"962",3,"S373P L452R T478K","USA",2021-10-20
"963",1,"P384S L452R T478K","USA",2021-11-30
"964",1,"L452R N460D T478K","USA: Ohio",2021-11-10
"965",1,"R346I L452R T478K","USA: Illinois",2021-11-19
"966",1,"L452R T478K V503F","USA: Georgia",2021-11-23
"967",2,"E406D L452R T478K","USA",2021-10-25
"968",246,"G339D R346K S371L S373P S375F K417N N440K G446S S477N T478K E484A Q493R G496S Q498R N501Y Y505H","USA: Louisiana",2021-12-07
"969",1,"L452R T478K L513F","USA: Minnesota",2021-12-02
"970",2,"T323I L452R T478K","USA: South Carolina",2021-09-19
"971",6,"L452R T478K L517V H519L","USA: South Dakota",2021-12-06
"972",66,"G339D R346K S371L S373P S375F N440K G446S S477N T478K E484A Q493R G496S Q498R N501Y Y505H","USA: California",2021-12-14
"973",1,"C361F","USA",2021-10-18
"974",1,"L452R T478K V534F","USA",2021-10-20
"975",1,"L452R T470N T478K","USA",2021-12-04
"976",411,"G339D S371L S373P S375F K417N N440K G446S S477N T478K E484A Q493R","USA: Colorado",2021-11-26
"977",1322,"G339D R346K S371L S373P S375F K417N N440K G446S S477N T478K E484A Q493R","USA: Georgia",2021-12-10
"978",1,"R346K S371L S373P S375F K417N N440K G446S S477N T478K E484A Q493R G496S","USA: Georgia",2021-12-15
"979",12,"G339D S371L S373P S375F K417N N440K G446S S477N T478K E484A Q493R G496S","USA: Pennsylvania",2021-12-15
"980",15,"G339D R346K S371L S373P S375F K417N G446S S477N T478K E484A Q493R G496S Q498R N501Y Y505H","USA: Louisiana",2021-12-14
"981",10,"G339D S371L S373P S375F K417N G446S S477N T478K E484A Q493R G496S Q498R N501Y Y505H","USA: Louisiana",2021-12-16
"982",1,"G339D S371L S373P K417N N440K G446S S477N T478K E484A Q493R G496S Q498R N501Y Y505H","USA: Louisiana",2021-12-12
"983",1,"N354H L452R T478K","USA: Ohio",2021-12-10
"984",3,"L452R T478K H519L","USA: Virginia",2021-12-10
"985",1,"L452R F464S T478K","USA: Illinois",2021-12-15
"986",1,"V382L L452R T478K","USA: Michigan",2021-11-17
"987",2,"T376I L452R T478K","USA: Michigan",2021-11-20
"988",6,"F338L L452R T478K","USA",2021-11-26
"989",1,"T385I L452R T478K S514F","USA",2021-12-13
"990",6,"L452R S477N T478K","USA",2021-11-07
"991",1,"L452R T478K V534I","USA",2021-12-06
"992",2,"L452R T478K G485S","USA: Michigan",2021-11-27
"993",1,"G339D R346K S371L S373P S375F K417N N440K G446S A475V S477N T478K E484A Q493R","USA: Pennsylvania",2021-12-16
"994",32,"G339D R346K S371L S373P S375F K417N N440K G446S S477N T478K E484A Q493R G496S","USA: Georgia",2021-12-16
"995",1,"S371L S373P S375F K417N N440K G446S T478K","USA: Georgia",2021-12-17
"996",340,"G339D R346K S371L S373P S375F S477N T478K E484A Q493R G496S Q498R N501Y Y505H","USA: New Jersey",2021-12-16
"997",1,"G339D S373P S375F L517V H519L","USA: Texas",2021-12-11
"998",4,"G339D R346K S371L S373P S375F L452R T478K Q493R G496S Q498R N501Y Y505H","USA: Minnesota",2021-12-08
"999",1,"G339D R346K S371L S373P S375F L452R T478K E484A Q493R G496S Q498R N501Y Y505H","USA: Minnesota",2021-12-08
"1000",2,"F374L L452R T478K","USA",2020-05-01
"1001",66,"G339D S371L S373P S375F","USA: Texas",2021-12-17
"1002",1,"S375F K417N N440K G446S S477N T478K E484A Q493R","USA: Ohio",2021-12-21
"1003",1,"G339D S371L S373P S375F L517V H519L","USA: New Jersey",2021-12-19
"1004",53,"G339D S371L S373P S375F N440K G446S S477N T478K E484A Q493R G496S Q498R N501Y Y505H","USA: New York",2021-12-19
"1005",141,"G339D R346K S371L S373P S375F","USA: Maryland",2021-12-19
"1006",2,"G339D R346K S371L S373P S375F L517V H519L","USA: West Virginia",2021-12-20
"1007",1,"L452R T478K N540S","USA",2021-09-20
"1008",1,"S443F L452R T478K","USA",2021-11-24
"1009",1,"V395A L452R T478K","USA",2021-09-22
"1010",2,"N354T L452R T478K","USA",2021-10-30
"1011",1,"A411T L452R T478K","USA",2021-11-23
"1012",1,"A348T L452R T478K","USA",2021-09-20
"1013",2,"L452R T470I T478K","USA",2021-11-09
"1014",94,"G339D S371L S373P S375F S477N T478K E484A Q493R G496S Q498R N501Y Y505H","USA: Texas",2021-12-20
"1015",1,"G339D S373P S375F L452R T478K","USA: Kansas",2021-12-16
"1016",25,"G339D S371L S373P S375F E484A Q493R G496S Q498R N501Y Y505H","USA: Texas",2021-12-21
"1017",1,"L452R T478K G485A","USA",2021-11-01
"1018",7,"G339D R346K S373P S375F","USA: Ohio",2021-12-21
"1019",2,"G339D S371L S373P S375F K417N N440K S477N T478K E484A Q493R G496S Q498R N501Y Y505H","USA: Florida",2021-12-21
"1020",1,"G339D R346K S371L S373P S375F S477N T478K E484A Q493R G496S Q498R N501Y Y505H L517V H519L","USA: California",2021-12-22
"1021",1,"S371L S373P S375F L517V H519L","USA: Texas",2021-12-22
"1022",2,"G339D L452R T478K","USA",2021-12-09
"1023",1,"L452R T478K P527S","USA",2021-09-14
"1024",5,"G339D R346K S371L S373P S375F S477N T478K E484A Q493R G496S Q498R N501Y","USA: Georgia",2021-12-23
"1025",1,"L335F S477N","USA",2021-05-25
"1026",1,"T323I E324K E484K","USA",2020-12-15
"1027",1,"G339D S371L S373P S375F K417N G446S S477N T478K","USA: Louisiana",2021-12-21
"1028",1,"G339D S371L S373P S375F N440K G446S S477N T478K Q493R G496S Q498R N501Y Y505H","USA: Louisiana",2021-12-22
"1029",5,"G339D R346K S371L S373P S375F G446S S477N T478K E484A Q493R G496S Q498R N501Y Y505H","USA: Louisiana",2021-12-24
"1030",4,"G339D R346K K417N G446S","USA: Oklahoma",2021-12-24
"1031",1,"A411V L452R T478K","USA",2021-12-17
"1032",1,"L452R T478K S494P","USA",2021-12-20
"1033",1,"L452R T478K V503A","USA",2021-11-22
"1034",2,"L452R P463S T478K","USA",2021-10-27
"1035",1,"A344V L452R T478K","USA",2021-12-14
"1036",1,"G339D S371L","USA: New York",2021-12-28
"1037",3,"G339D S371L S373P S375F G446S S477N T478K E484A Q493R G496S Q498R N501Y Y505H","USA: Utah",2021-12-31
"1038",2,"G339D S371L S373P S375F K417N G446S S477N T478K Q493R G496S Q498R N501Y Y505H","USA: Louisiana",2021-12-30
"1039",1,"G339D R346K S371L S373P S375F K417N G446S S477N T478K Q493R G496S Q498R N501Y Y505H","USA: Louisiana",2021-12-30
"1040",1,"G339D S371L S373P S375F G496S Q498R N501Y Y505H","USA: Texas",2021-12-30
"1041",1,"P337H T385I L452R T478K","USA",2021-12-23
"1042",1,"T385I L452R G476S T478K","USA",2021-12-06
"1043",1,"E340V L452R T478K","USA",2021-10-27
"1044",3,"G339D R346K N440K G446S E484A Y505H","USA: Oklahoma",2022-01-03
"1045",1,"G339D G446S E484A Y505H","USA: Oklahoma",2022-01-03
"1046",1,"G339D N440K G446S E484A Y505H","USA: Oklahoma",2022-01-04
"1047",4,"G339D R346K G446S","USA: Oklahoma",2022-01-03
"1048",5,"G339D R346K K417N N440K G446S","USA: Oklahoma",2022-01-04
"1049",1,"G339D R346K N440K G446S Y505H","USA: Oklahoma",2022-01-03
"1050",2,"G339D G446S","USA: Oklahoma",2022-01-04
"1051",2,"G339D S371L S373P S375F K417N S477N T478K E484A Q493R G496S Q498R N501Y Y505H","USA: Texas",2021-12-29
"1052",1,"G339D S373P S375F","USA: Louisiana",2021-12-29
"1053",1,"V445G L452R T478K","USA",2021-12-16
"1054",1,"L452R T478K E484D","USA",2021-12-07
"1055",1,"G339D R346K S371L S373P S375F G496S Q498R N501Y Y505H L517V H519L","USA: Ohio",2021-12-28
"1056",1,"G339D S371L S373P S375F L452R T478K G496S Q498R Y505H","USA: Tennessee",2021-12-28
"1057",1,"G339D R346K S371L S373P S375F L452R S477N T478K E484A Q493R G496S Q498R N501Y Y505H","USA: Massachusetts",2021-12-28
"1058",2,"G339D S371L S373P S375F K417N N440K G446S","Bangladesh",2021-12-08
"1059",1,"G339D R346K S371L S373P S375F K417H N440K G446S S477N T478K E484A Q493R G496S Q498R N501Y Y505H","USA: New Mexico",2021-12-30
"1060",1,"L452R T478K Q493R G496S Q498R N501Y Y505H","USA: Florida",2021-12-27
"1061",1,"S371L S373P S375F","USA: Washington",2021-12-28
"1062",2,"S477N T478K","USA",2021-12-29
"1063",11,"G339D R346K S371L S373P S375F G496S Q498R N501Y Y505H","USA",2021-12-26
"1064",75,"G339D R346K S371L S373P S375F Q493R G496S Q498R N501Y Y505H","USA",2021-12-21
"1065",1,"G339D R346K S371L S373P S375F T385I Q493R G496S Q498R N501Y Y505H","USA",2021-12-26
"1066",27,"G339D S371L S373P S375F Q493R G496S Q498R N501Y Y505H","USA",2021-12-24
"1067",2,"G339D S371L S373P S375F Q493R G496S Q498R N501Y","USA",2021-12-26
"1068",10,"G339D R346K S371L S373P S375F T478K E484A Q493R G496S Q498R N501Y Y505H","USA",2021-12-26
"1069",1,"G339D S371L S373P S375F L452R T478K Q493R G496S Q498R N501Y Y505H","USA: New Jersey",2021-12-29
"1070",2,"G339D R346K S371L S373P S375F N440K S477N T478K E484A Q493R G496S Q498R N501Y Y505H","USA: Georgia",2021-12-29
"1071",1,"S371L S373P","USA: Florida",2021-12-30
"1072",1,"G339D R346K S371L S373P S375F S477N T478K E484A Q493R G496S","USA: Arizona",2021-12-30
"1073",1,"S371L S373P S375F E484A","USA: Pennsylvania",2021-12-30
"1074",12,"S477N T478K E484A Q493R G496S Q498R N501Y Y505H","USA",2021-12-21
"1075",2,"G339D R346K R357K S371L S373P S375F K417N N440K G446S S477N T478K E484A Q493R","USA: Colorado",2021-12-24
"1076",1,"S371L S373P S375F K417N L452R T478K","USA",2022-01-08
"1077",1,"G339D R346K S371L S373P S375F S477N T478K E484A Q493R G496S Q498R N501Y Y505H H519L","USA: Oklahoma",2021-12-30
"1078",1,"G339D K417N G446S Y505H","USA: Oklahoma",2022-01-08
"1079",2,"G339D R346K K417N N440K G446S E484A Y505H","USA: Oklahoma",2022-01-05
"1080",1,"G339D R346K N440K","USA: Oklahoma",2022-01-11
"1081",2,"G339D K417N","USA: Oklahoma",2022-01-12
"1082",1,"K417N N440K G446S","USA: Oklahoma",2022-01-10
"1083",3,"G339D K417N N440K G446S","USA: Oklahoma",2022-01-10
"1084",1,"R319P V320T Q321E P322S T323I E324V S325R I326F V327P R328N F329I P330T I332L T333C N334P L335F C336D P337E F338V G339F E340N V341A F342T N343K A344F T345A R346S F347V A348Y S349A V350W Y351N A352R W353K N354R R355I K356S R357N I358C S359V N360A C361D V362Y A363S D364V Y365L S366Y V367N Y369A N370P S371F A372F S373T S375K T376C F377Y K378G C379V Y380S G381P V382T S383K P384L T385N K386D N388C D389F L390T C391N F392V T393Y N394A V395D Y396S A397F D398V S399I F400R V401G I402D R403E G404V D405R E406Q V407I R408A Q409P I410G A411Q P412T Q414N T415I G416A K417D I418Y A419N D420Y Y421K N422L Y423P K424D L425D P426F D427T D428G F429C T430V G431I C432A V433W I434N A435S W436N N437K S438L N439D N440S L441K D442V K444G V445N G446Y G447N N448Y Y449L N450Y Y451R Y453F L455K F456S R457N K458L S459K N460P L461F K462E P463R F464D E465I R466S D467T I468E S469I T470Y E471Q I472A Y473G Q474N A475K G476P S477C T478N P479G C480V N481A V483F E484N G485C F486Y N487F C488P Y489L F490R P491S L492Y Q493S S494F Y495R G496P F497T Q498Y P499G T500V N501G G502H V503Q G504P Q506R P507V Y508V R509V V510L V511S V512F L513E S514L F515L E516H L517A L518P H519A A520T P521V A522C T523G V524P C525K G526K P527S K528T K529N S530L T531V N532K L533N V534K K535C N536V K537N C538F V539N N540F F541N","USA: North Carolina",2022-01-04
"1085",8,"G339D R346K S371L S373P S375F Q493R G496S Q498R N501Y","USA",2021-12-23
"1086",1,"G339D S371L S373P S375F G496S N501Y Y505H","USA",2022-01-03
"1087",4,"G339D R346K S371L S373P S375F N501Y","USA",2022-01-03
"1088",1,"L452R K458N T478K","USA",2021-09-25
"1089",1,"L452R T470S T478K","USA",2021-11-22
"1090",1,"S371L S373P S375F T478K","USA",2022-01-11
"1091",1,"G339D S371L S373P S375F Y505H","USA",2022-01-10
"1092",1,"G339D R346K S371L S373P S375F Q493R G496S N501Y Y505H","USA",2022-01-10
"1093",16,"G339D R346K S371L S373P S375F S477N T478K Q493R G496S Q498R N501Y Y505H","USA",2021-12-27
"1094",2,"G339D S371L S373P S375F N501Y Y505H","USA",2022-01-06
"1095",4,"Q493R G496S Q498R N501Y Y505H","USA",2022-01-08
"1096",44,"G339D R346K S371L S373P S375F E484A Q493R G496S Q498R N501Y Y505H","USA",2021-12-26
"1097",21,"G339D S371F S373P S375F T376A D405N R408S K417N N440K S477N T478K E484A Q493R Q498R N501Y Y505H","India",2021-12-23
"1098",1,"N440B L452R T478K","USA",2021-12-18
"1099",1,"G339D L452R T478K Q493R G496S Q498R N501Y Y505H","USA",2021-12-23
"1100",2,"G339D R346K S373P","USA",2021-12-22
"1101",3,"G339D S371L S373P S375F N501Y","USA",2021-12-22
"1102",1,"G339D R346K S371L S373P S375F E484A N501Y","USA",2021-12-26
"1103",1,"G339D S371P S373P S375F","USA",2021-12-27
"1104",4,"G339D S371L S373P S375F S477N E484A Q493R G496S Q498R N501Y Y505H","USA",2021-12-26
"1105",1,"G339D S371L S373P S375F T478K E484A G496S N501Y","USA",2021-12-27
"1106",1,"G339D S371L S373P S375F Q493R G496S N501Y Y505H","USA",2022-01-14
"1107",1,"G339D T478K","USA: Colorado",2021-12-27
"1108",1,"Y396F L452R","USA: Arkansas",2021-03-15
"1109",1,"F338L S477N","Germany",2020-12-11
"1110",1,"Y369C S477N","Germany",2020-12-26
"1111",6,"G339D R346K","USA",2022-01-02
"1112",2,"G339D R346K S371L S373P S375F E484A Q493R G496S","USA",2022-01-17
"1113",1,"K417T L452Q F490S","USA",2021-05-19
"1114",1,"T478K P507S","USA",2021-12-09
"1115",1,"G339D S371L S373P S375F K417N N440K G446S S477N T478K E484A Q493R A522P","USA: Colorado",2022-01-19
"1116",2,"G339D N440K G446S","USA: Oklahoma",2022-01-14
"1117",1,"G339D R346K S371L S373P S375F E484A Q493R Q498R N501Y Y505H","USA",2021-12-29
"1118",1,"G339D R346K S373P S375F N440K G446S S477N T478K E484A Q493R G496S Q498R N501Y Y505H","USA: Michigan",2022-01-13
"1119",3,"G339D R346K S371L S373P S375F K417N N440K G446S S477N T478K E484A","USA: Georgia",2022-01-22
"1120",1,"G339D R346K S373P S375F K417N N440K G446S","USA: Kentucky",2022-01-24
"1121",3,"G339D R346K K417N N440K G446S S477N T478K E484A Q493R G496S Q498R N501Y Y505H","USA: Missouri",2021-12-16
"1122",7,"G339D S371L S373P K417N N440K G446S S477N T478K E484A Q493R","Bangladesh",2021-12-08
"1123",1,"G339D S373P T376A K417N N440K S477N T478K E484A Q493R","Bangladesh",2021-12-08
"1124",1,"G339D S371F S373P S375F T376A K417N N440K S477N T478K E484A Q493R","Bangladesh",2021-12-08
"1125",1,"S373P S375F","USA",2022-01-19
"1126",6,"G339D R346K S371L S373P S375F E484A Q493R G496S Q498R N501Y","USA",2022-01-02
"1127",1,"G339D S371L S373P S375F G496S Q498R N501Y","USA",2022-01-02
"1128",5,"G339D S371L S373P S375F S477N T478K Q493R G496S Q498R N501Y Y505H","USA",2021-12-31
"1129",1,"G339D S371L S373P S375F K417N N440K G446S S477N T478K E484A Q493R G496S Q498R N501Y","USA: New York",2021-12-30
"1130",1,"G339D S371L S373P S375L K417N N440K G446S S477N T478K E484A Q493R","USA: Alabama",2022-01-12
"1131",1,"G339D R346K S371L S373P S375L K417N N440K G446S S477N T478K E484A Q493R","USA: Alabama",2022-01-12
"1132",4,"G339D R346K S371L S373P S375F K417N S477N T478K E484A Q493R G496S Q498R N501Y Y505H","USA",2022-01-13
"1133",1,"G339D S371L S373P S375F K417N N440K G446S L455F S477N T478K E484A Q493R","USA: Colorado",2022-01-19
"1134",5,"V320I G339D S371L S373P S375F K417N N440K G446S S477N T478K E484A Q493R","USA: Colorado",2022-01-21
"1135",1,"G339D S373P S375F Q493R G496S Q498R N501Y Y505H","USA",2022-01-02
"1136",6,"G339D S371L S373P S375F T478K E484A Q493R G496S Q498R N501Y Y505H","USA",2021-12-27
"1137",5,"G339D R346K S371L S373P K417N N440K G446S S477N T478K E484A Q493R","USA: South Carolina",2022-01-19
"1138",1,"G339D R346K Q493R","USA",2022-01-03
"1139",1,"G339D R346K S371L S373P S375F G496S","USA",2022-01-21
"1140",3,"G339D R346K S371L S373P S375F T478K Q493R G496S Q498R N501Y Y505H","USA",2022-01-04
"1141",3,"G339D R346K S371L S373P S375F G496S Q498R N501Y","USA",2022-01-24
"1142",3,"G339D R346K S371L S373P S375F S477N E484A Q493R G496S Q498R N501Y Y505H","USA",2022-01-02
"1143",1,"G339D S371L S373P S375F Q493R G496S Q498R","USA",2022-01-02
"1144",1,"G339D R346K S371L S373P S375F Q498R N501Y","USA",2022-01-02
"1145",3,"G339D R346K S371L S373P S375F Y505H","USA",2022-01-03
"1146",1,"G339D R346K S371L S373P S375F Q493R G496S Q498R","USA",2022-01-03
"1147",2,"G339D S371L S373P S375F G496S Q498R","USA",2022-01-02
"1148",1,"G339D S373P S375F S477N T478K Q493R G496S Q498R N501Y Y505H","USA",2022-01-02
"1149",1,"T478K E484A Q493R G496S Q498R N501Y","USA",2022-01-03
"1150",1,"G339D R346K S371L S373P S375F T478K E484A Q493R G496S Q498R N501Y","USA",2022-01-02
"1151",1,"G339D S371L S373P S375F Q493R Q498R N501Y Y505H","USA",2022-01-02
"1152",1,"G339D S371L S373P S375F K417N N440K G446S S477N T478K E484A Q493R G496S Y505H","USA: North Carolina",2022-01-19
"1153",1,"G339D R346K S371L S373P S375F K417N N440K G446S","USA: California",2022-02-04
"1154",1,"G339D R346K S371L S373P S375F K417N N440K G446S S477N T478K E484A Q493R G496S Q498R Y505H","USA: California",2022-01-27
"1155",2,"G339D L368I S371L S373P S375F K417N N440K G446S S477N T478K E484A Q493R","USA: Georgia",2022-01-27
"1156",1,"G339D R346K S371L S373P S375F K417N N440K G446N S477N T478K E484A Q493R","USA: Colorado",2022-01-23
"1157",1,"G339D S371L S373P S375F K417N N440K G446S S477N T478K E484A","USA: Massachusetts",2022-02-05
"1158",1,"G339D S371L S373P S375F K417N N440K G446S S477N T478K E484A Q493R A522V","USA: Colorado",2022-02-03
"1159",1,"G339D S371L S373P S375F E484A Q493R G496S Q498R N501Y","USA",2022-01-04
"1160",1,"G339D S371L S373P S375F L452R T478K Q493R G496S Q498R N501Y","USA",2022-01-03
"1161",1,"S371L S373P S375F K417N N440K G446S S477N T478K E484A Q493R G496S Q498R N501Y Y505H","USA: New Mexico",2022-01-07
"1162",1,"G339D R346K S371L S373P S375F K417N N440K G446S L455S S477N T478K E484A Q493R","USA: Colorado",2022-01-27
"1163",1,"G339D R346K S371L S373P S375F K417N N440K G446S S477N T478K E484A F490V Q493R","USA: South Carolina",2022-01-28
"1164",1,"G339D S371L S373P S375F Q493R N501Y","USA",2022-02-02
"1165",1,"G339D S371L S373P S375F Q493R","USA",2022-01-03
"1166",1,"G339D S371L S373P S375F E484A G496S Q498R N501Y Y505H","USA",2022-02-01
"1167",2,"G339D R346K S371L S373P S375F E484A G496S Q498R N501Y Y505H","USA",2022-01-28
"1168",1,"G339D R346K S371L S373P S375F K417N N440K G446S S477N T478K E484V Q493R","USA: Colorado",2022-01-31
"1169",2,"G339D S371F S373P S375F T376A D405N R408S K417N S477N T478K E484A Q493R Q498R N501Y Y505H","Bahrain",2022-02-13
"1170",1,"G339D S371L S373P S375F N394S K417N N440K G446S S477N T478K E484A Q493R G496S Q498R N501Y Y505H","USA: Tennessee",2022-02-13
"1171",3,"G339D S371F S375F T376A D405N R408S K417N N440K S477N T478K E484A Q493R Q498R N501Y Y505H","USA: Ohio",2022-02-17
"1172",3,"G339D R346K S371L S373P S375F K417N N440K G446S S477N T478K E484A Q493R G496S Y505H","USA: North Carolina",2022-02-07
"1173",1,"G339D N440K G446S Y505H","#N/D",2022-01-24
"1174",1,"G339D K417N N440K G446S Y505H","#N/D",2022-01-24
"1175",3,"G339D R346K N440K G446S","#N/D",2022-01-24
"1176",4,"G339D K417N G446S","#N/D",2022-01-24
"1177",2,"G339D R346K N440K G446S E484A","USA: Oklahoma",2022-01-27
"1178",1,"G339D K417N N440K G446S E484A Y505H","#N/D",2022-01-27
"1179",1,"G339D N440K Y505H","#N/D",2022-01-26
"1180",1,"G339D R346K G446S Y505H","#N/D",2022-02-02
"1181",1,"G339D R346K K417N N440K G446S E484A","#N/D",2022-02-08
"1182",1,"G339D R346K S371L S373P S375F L452R T478K Q493R G496S","USA: New Mexico",2021-12-09
"1183",1,"G339D R346K S371L S373P S375F Q498R N501Y Y505H","USA",2022-01-17
"1184",2,"G339D R346K S371L S373P S375F Q493R G496S N501Y","USA",2022-01-29
"1185",1,"G339D R346K S371L S373P S375F G496S Y505H","USA",2022-01-16
"1186",1,"T478K E484A Q493R G496S Q498R N501Y Y505H","USA",2022-01-31
"1187",1,"Q493R G496S Q498R N501Y","USA",2022-01-31
"1188",1,"G339D R346K S371L S373P S375F N440K G446S","USA: Ohio",2022-02-23
"1189",1,"G339D R346K S371F S373P S375F K417N N440K G446S S477N T478K E484A Q493R G496S Q498R N501Y Y505H","USA: Massachusetts",2022-02-23
"1190",2,"G339D R346K S371L S373P S375F K417N N440K G446S S477N T478K E484A Q493R G496S Q498R N501Y","USA: Alabama",2022-02-10
"1191",2,"N501S","Japan",2020-11-29
"1192",1,"F329L G339D R346K S371L S373P S375F K417N N440K G446S S477N T478K E484A Q493R G496S Q498R N501Y Y505H","USA: Colorado",2022-02-18
"1193",1,"A344T L452R T478K","USA",2022-02-16
"1194",1,"G339D R346K S371L S373P S375F L452R T478K Q498R","USA",2022-01-30
"1195",2,"G339D R346K S371L S373P S375F G496S N501Y Y505H","USA",2022-01-31
"1196",1,"S477N T478K Q493R G496S Q498R N501Y Y505H","USA",2022-02-03
"1197",1,"G339D R346K S371L S373P S375F E484A Q493R G496S Q498R","USA",2022-02-07
"1198",1,"G339D R346K S371L S373P S375F K417N N440K G446S L455F S477N T478K E484A Q493R G496S Q498R N501Y Y505H","USA: South Carolina",2022-02-21
"1199",1,"K417T V483I E484K N501Y","#N/D",2021-06-25
"1200",4,"G339D S371L S373P S375F K417N N440K S477N T478K E484A Q493R Q498R N501Y Y505H","USA",2022-02-24
"1201",1,"G339D R346K S371L S373P S375F K417N N440K S477N T478K E484A Q493R Q498R N501Y Y505H","USA: Illinois",2022-03-07
"1202",1,"G339D S371F S373P S375F D405N R408S K417N S477N T478K E484A Q493R Q498R N501Y Y505H","USA: Florida",2022-03-03
"1203",1,"G339D R346K S371L K417N N440K G446S S477N T478K E484A Q493R G496S Q498R N501Y Y505H","USA: Massachusetts",2022-03-05
"1204",1,"G339D K417N N440K G446S S477N T478K E484A Q493R G496S Q498R N501Y Y505H","Russia",2022-01-25
"1205",1,"Q498R N501Y Y505H","USA",2022-02-07
"1206",1,"G339D S371F S373P S375F","USA",2022-01-29
"1207",1,"G339D S373P S375F T478K","India",2021-12-23
"1208",1,"L452R T478K E484Q P499R","India",2021-12-23
"1209",1,"G339D S373P S375F T376A K417N T478K Q493R Y505H","India",2021-12-23
"1210",1,"G339D R346K S371L K417N S477N T478K E484A Q493R G496S Q498R N501Y Y505H","USA: North Carolina",2022-02-17
"1211",1,"G339D S371F S373P D405N R408S K417N N440K S477N T478K E484A Q493R Q498R N501Y Y505H","USA: Florida",2022-02-27
"1212",1,"G339D R346K S371L S373P S375F Q493R N501Y Y505H","USA",2022-02-03
"1213",1,"T323I G339D R346K S371L S373P S375F S477N T478K E484A Q493R G496S Q498R N501Y Y505H","USA",2022-01-28
"1214",1,"G339D R346K S371L S373P S375F E484V Q493R Q498R N501Y","USA",2022-02-21
"1215",1,"A344S T478K","USA: Iowa",2021-02-21
"1216",1,"G339D R346K S371L S373P S375F Q493R Q498R N501Y","USA",2022-01-27
"1217",1,"G339D R346K V367F S371L S373P S375F","USA",2022-03-07
"1218",1,"I402L T478K","USA",2021-02-12
"1219",1,"G339D R346K S371L S373P S375F S477N T478K E484A Q493R G496S Q498R N501Y Y505H Y508H","USA",2022-02-26
"1220",1,"E484A Q493R G496S Q498R N501Y Y505H","USA",2022-02-16
"1221",1,"E324V G339D R346K S371L S373P S375F","USA",2022-01-24
"1222",1,"S477N E484A Q493R G496S Q498R N501Y Y505H","USA",2022-01-22
"1223",1,"G339D R346K S371L S373P S375F N440K G446S N460K S477N T478K E484A Q493R G496S Q498R N501Y Y505H","USA: Michigan",2022-03-17
"1224",1,"G339D S371F S373P D405N R408S K417N S477N T478K E484A Q493R Q498R N501Y Y505H","USA: Florida",2022-03-23
"1225",1,"G339D R346K S371L S373P S375F Q493R G496S","USA",2022-01-27
"1226",2,"G339D S371F S373P S375F T376A S477N T478K E484A Q493R Q498R N501Y Y505H","USA",2022-03-04
"1227",1,"G339D R346K S371L S373P S375F Q493R","USA",2022-01-23
